id,familia,n,m,LB,OPT,C_LS,C_LPT,r_LS,r_LPT,dev_LS,dev_LPT,t_LS,t_LPT,t_BB,nodos,LS_optimo,LPT_optimo,OPT_igual_LB,garantia_LS_ok,garantia_LPT_ok
P1-001,uniforme,6,2,26,26,30,26,1.15384615,1,15.3846154,0,2.88916666e-06,3.42777777e-06,8.375817e-06,0,False,True,True,True,True
P1-002,uniforme,6,2,29,29,35,30,1.20689655,1.03448276,20.6896552,3.44827586,2.88514851e-06,3.49021408e-06,2.64394737e-05,11,False,False,True,True,True
P1-003,uniforme,9,2,47,47,47,48,1,1.0212766,0,2.12765957,3.54264264e-06,4.18837921e-06,3.35092593e-05,10,True,False,True,True,True
P1-004,uniforme,9,2,36,36,38,37,1.05555556,1.02777778,5.55555556,2.77777778,3.59427312e-06,4.17354651e-06,2.70438596e-05,10,False,False,True,True,True
P1-005,uniforme,12,2,62,62,62,62,1,1,0,0,4.28085808e-06,4.93443223e-06,1.01390533e-05,0,True,True,True,True,True
P1-006,uniforme,12,2,40,40,43,40,1.075,1,7.5,0,4.21148148e-06,4.88807017e-06,9.99297296e-06,0,False,True,True,True,True
P1-007,uniforme,15,2,96,96,103,96,1.07291667,1,7.29166667,0,4.83796993e-06,5.54390245e-06,1.11125828e-05,0,False,True,True,True,True
P1-008,uniforme,15,2,75,75,79,75,1.05333333,1,5.33333333,0,4.86227758e-06,5.60115831e-06,1.06895954e-05,0,False,True,True,True,True
P1-009,uniforme,6,3,19,19,20,19,1.05263158,1,5.26315789,0,3.35963303e-06,3.87188328e-06,9.02156863e-06,0,False,True,True,True,True
P1-010,uniforme,6,3,20,21,28,21,1.33333333,1,33.3333333,0,3.3530504e-06,3.83540541e-06,1.85338235e-05,6,False,True,False,True,True
P1-011,uniforme,9,3,39,40,41,41,1.025,1.025,2.5,2.5,4.10798817e-06,4.69658385e-06,0.000122707143,65,False,False,False,True,True
P1-012,uniforme,9,3,32,32,34,32,1.0625,1,6.25,0,4.05045872e-06,4.57675841e-06,1.02825243e-05,0,False,True,True,True,True
P1-013,uniforme,12,3,42,42,44,42,1.04761905,1,4.76190476,0,4.8084e-06,5.38520712e-06,1.1095283e-05,0,False,True,True,True,True
P1-014,uniforme,12,3,41,41,42,43,1.02439024,1.04878049,2.43902439,4.87804878,4.73571427e-06,5.34212455e-06,5.02633333e-05,21,False,False,True,True,True
P1-015,uniforme,15,3,54,54,59,54,1.09259259,1,9.25925926,0,5.50630252e-06,6.28558952e-06,1.19303797e-05,0,False,True,True,True,True
P1-016,uniforme,15,3,50,50,52,51,1.04,1.02,4,2,5.5272e-06,6.27509881e-06,4.21971429e-05,16,False,False,True,True,True
P1-017,uniforme,6,4,17,17,23,17,1.35294118,1,35.2941176,0,3.70504732e-06,4.14845938e-06,9.52184465e-06,0,False,True,True,True,True
P1-018,uniforme,6,4,17,18,22,18,1.22222222,1,22.2222222,0,3.69347828e-06,4.23195266e-06,1.97287879e-05,6,False,True,False,True,True
P1-019,uniforme,9,4,21,22,26,22,1.18181818,1,18.1818182,0,4.38333334e-06,5.01320132e-06,1.87736842e-05,5,False,True,False,True,True
P1-020,uniforme,9,4,22,22,26,22,1.18181818,1,18.1818182,0,4.4171141e-06,8.16196318e-06,1.03675926e-05,0,False,True,True,True,True
P1-021,uniforme,12,4,34,34,38,36,1.11764706,1.05882353,11.7647059,5.88235294,5.11977185e-06,5.77070313e-06,3.9825641e-05,13,False,False,True,True,True
P1-022,uniforme,12,4,24,25,26,25,1.04,1,4,0,5.1672e-06,5.8976e-06,3.26551724e-05,12,False,True,False,True,True
P1-023,uniforme,15,4,51,51,54,54,1.05882353,1.05882353,5.88235294,5.88235294,5.9060241e-06,6.67161572e-06,0.0065572,3412,False,False,True,True,True
P1-024,uniforme,15,4,46,46,54,47,1.17391304,1.02173913,17.3913043,2.17391304,5.9607306e-06,6.52638297e-06,4.96444444e-05,16,False,False,True,True,True
P1-025,estrecha,6,2,44,45,48,45,1.06666667,1,6.66666667,0,2.93342175e-06,3.43903061e-06,2.81098039e-05,13,False,True,False,True,True
P1-026,estrecha,6,2,51,51,52,51,1.01960784,1,1.96078431,0,2.91923077e-06,3.41267281e-06,8.26943232e-06,0,False,True,True,True,True
P1-027,estrecha,9,2,68,68,71,73,1.04411765,1.07352941,4.41176471,7.35294118,3.58798799e-06,4.18776759e-06,9.48999999e-05,54,False,False,True,True,True
P1-028,estrecha,9,2,75,75,77,79,1.02666667,1.05333333,2.66666667,5.33333333,3.55495495e-06,4.15885714e-06,2.6662963e-05,10,False,False,True,True,True
P1-029,estrecha,12,2,91,91,95,91,1.04395604,1,4.3956044,0,4.81270358e-06,4.91422414e-06,1.01184874e-05,0,False,True,True,True,True
P1-030,estrecha,12,2,100,100,100,100,1,1,0,0,4.24526316e-06,4.92475248e-06,1.00312884e-05,0,True,True,True,True,True
P1-031,estrecha,15,2,111,111,114,115,1.02702703,1.03603604,2.7027027,3.6036036,4.94000001e-06,5.59736843e-06,0.000106547059,57,False,False,True,True,True
P1-032,estrecha,15,2,121,121,126,125,1.04132231,1.03305785,4.1322314,3.30578512,4.90968858e-06,5.6170068e-06,4.85629629e-05,21,False,False,True,True,True
P1-033,estrecha,6,3,30,30,37,30,1.23333333,1,23.3333333,0,3.36976744e-06,3.866313e-06,8.90555556e-06,0,False,True,True,True,True
P1-034,estrecha,6,3,29,29,31,29,1.06896552,1,6.89655172,0,3.37563026e-06,3.86432432e-06,9.11590908e-06,0,False,True,True,True,True
P1-035,estrecha,9,3,46,46,47,46,1.02173913,1,2.17391304,0,4.06697248e-06,4.65939848e-06,1.00692308e-05,0,False,True,True,True,True
P1-036,estrecha,9,3,46,46,57,46,1.23913043,1,23.9130435,0,4.04488448e-06,4.61925466e-06,1.00693182e-05,0,False,True,True,True,True
P1-037,estrecha,12,3,60,60,62,61,1.03333333,1.01666667,3.33333333,1.66666667,4.78807017e-06,5.40988593e-06,0.0004312,240,False,False,True,True,True
P1-038,estrecha,12,3,65,65,66,65,1.01538462,1,1.53846154,0,4.78385964e-06,5.47436823e-06,1.07699454e-05,0,False,True,True,True,True
P1-039,estrecha,15,3,78,78,87,78,1.11538462,1,11.5384615,0,6.75527951e-06,6.31804123e-06,1.20027027e-05,0,False,True,True,True,True
P1-040,estrecha,15,3,74,74,83,75,1.12162162,1.01351351,12.1621622,1.35135135,5.61011236e-06,6.34713656e-06,0.0062956,3627,False,False,True,True,True
P1-041,estrecha,6,4,23,26,33,26,1.26923077,1,26.9230769,0,3.63433737e-06,4.19579832e-06,1.98930555e-05,6,False,True,False,True,True
P1-042,estrecha,6,4,21,25,25,25,1,1,0,0,3.69223603e-06,4.21879195e-06,2.04155844e-05,6,True,True,False,True,True
P1-043,estrecha,9,4,31,33,36,37,1.09090909,1.12121212,9.09090909,12.1212121,4.47301038e-06,5.06458334e-06,0.000469325,238,False,False,False,True,True
P1-044,estrecha,9,4,35,39,43,43,1.1025641,1.1025641,10.2564103,10.2564103,4.3940063e-06,5.0267101e-06,0.000552333334,277,False,False,False,True,True
P1-045,estrecha,12,4,49,50,53,50,1.06,1,6,0,5.15e-06,5.86445313e-06,0.000592666667,305,False,True,False,True,True
P1-046,estrecha,12,4,46,46,51,46,1.10869565,1,10.8695652,0,5.10185185e-06,5.91886793e-06,1.19862903e-05,0,False,True,True,True,True
P1-047,estrecha,15,4,57,58,60,60,1.03448276,1.03448276,3.44827586,3.44827586,5.99166666e-06,6.68651163e-06,0.098368,50530,False,False,False,True,True
P1-048,estrecha,15,4,56,56,66,59,1.17857143,1.05357143,17.8571429,5.35714286,5.78823531e-06,6.4994898e-06,9.98823529e-05,37,False,False,True,True,True
P1-049,sesgada,6,2,30,30,30,30,1,1,0,0,2.96432432e-06,3.47671569e-06,8.36441442e-06,0,True,True,True,True,True
P1-050,sesgada,6,2,18,18,24,18,1.33333333,1,33.3333333,0,2.89185668e-06,3.48413461e-06,8.1938326e-06,0,False,True,True,True,True
P1-051,sesgada,9,2,37,37,39,37,1.05405405,1,5.40540541,0,3.55210084e-06,4.13431952e-06,8.92058823e-06,0,False,True,True,True,True
P1-052,sesgada,9,2,22,22,22,22,1,1,0,0,3.70743801e-06,4.18811881e-06,9.30359712e-06,0,True,True,True,True,True
P1-053,sesgada,12,2,38,38,38,38,1,1,0,0,4.19487179e-06,4.84026402e-06,1.00016216e-05,0,True,True,True,True,True
P1-054,sesgada,12,2,27,27,36,27,1.33333333,1,33.3333333,0,4.30621117e-06,4.91684211e-06,1.02136612e-05,0,False,True,True,True,True
P1-055,sesgada,15,2,49,49,50,49,1.02040816,1,2.04081633,0,4.82633453e-06,5.57905139e-06,1.09593103e-05,0,False,True,True,True,True
P1-056,sesgada,15,2,71,71,73,71,1.02816901,1,2.81690141,0,4.84863945e-06,5.54584838e-06,1.09615894e-05,0,False,True,True,True,True
P1-057,sesgada,6,3,24,24,28,24,1.16666667,1,16.6666667,0,3.32455621e-06,3.85612245e-06,9.23142858e-06,0,False,True,True,True,True
P1-058,sesgada,6,3,29,29,29,29,1,1,0,0,3.34220183e-06,3.88811881e-06,9.18095239e-06,0,True,True,True,True,True
P1-059,sesgada,9,3,8,8,10,8,1.25,1,25,0,4.03846154e-06,4.65259939e-06,1.01255814e-05,0,False,True,True,True,True
P1-060,sesgada,9,3,26,26,34,26,1.30769231,1,30.7692308,0,3.99875776e-06,4.63608563e-06,9.88594595e-06,0,False,True,True,True,True
P1-061,sesgada,12,3,17,17,18,17,1.05882353,1,5.88235294,0,4.77517007e-06,5.44148148e-06,1.11e-05,0,False,True,True,True,True
P1-062,sesgada,12,3,29,29,37,29,1.27586207,1,27.5862069,0,4.79386282e-06,5.45812275e-06,1.12121795e-05,0,False,True,True,True,True
P1-063,sesgada,15,3,40,40,51,40,1.275,1,27.5,0,5.6376e-06,6.30625e-06,1.1901227e-05,0,False,True,True,True,True
P1-064,sesgada,15,3,43,43,53,43,1.23255814,1,23.255814,0,5.59548873e-06,6.24819276e-06,1.261625e-05,0,False,True,True,True,True
P1-065,sesgada,6,4,29,29,29,29,1,1,0,0,3.70408164e-06,4.27657657e-06,9.68842105e-06,0,True,True,True,True,True
P1-066,sesgada,6,4,26,26,27,26,1.03846154,1,3.84615385,0,3.66123779e-06,4.30448179e-06,9.74292929e-06,0,False,True,True,True,True
P1-067,sesgada,9,4,19,19,20,19,1.05263158,1,5.26315789,0,4.452443e-06,5.14597315e-06,1.07505051e-05,0,False,True,True,True,True
P1-068,sesgada,9,4,26,26,30,26,1.15384615,1,15.3846154,0,4.39087947e-06,5.05e-06,1.06222222e-05,0,False,True,True,True,True
P1-069,sesgada,12,4,30,30,33,30,1.1,1,10,0,5.3671875e-06,6.12800001e-06,1.20049689e-05,0,False,True,True,True,True
P1-070,sesgada,12,4,25,25,25,25,1,1,0,0,5.4732e-06,6.11969113e-06,1.18086957e-05,0,True,True,True,True,True
P1-071,sesgada,15,4,47,48,57,48,1.1875,1,18.75,0,6.03103448e-06,6.97477477e-06,2.13287879e-05,5,False,True,False,True,True
P1-072,sesgada,15,4,27,27,29,27,1.07407407,1,7.40740741,0,6.03130081e-06,6.77844827e-06,1.29618421e-05,0,False,True,True,True,True
P1-073,ajustada_ls,3,2,2,2,3,2,1.5,1,50,0,2.32114538e-06,2.794e-06,7.47166667e-06,0,False,True,True,True,True
P1-074,ajustada_lpt,5,2,6,6,7,7,1.16666667,1.16666667,16.6666667,16.6666667,2.6994695e-06,3.81419354e-06,1.65199999e-05,6,False,False,True,True,True
P1-075,ajustada_ls,7,3,3,3,5,3,1.66666667,1,66.6666667,0,3.60369127e-06,4.12063953e-06,9.12074468e-06,0,False,True,True,True,True
P1-076,ajustada_lpt,7,3,9,9,11,11,1.22222222,1.22222222,22.2222222,22.2222222,3.54881657e-06,4.03129974e-06,3.63302325e-05,14,False,False,True,True,True
P1-077,ajustada_ls,13,4,4,4,7,4,1.75,1,75,0,5.3e-06,6.07786561e-06,1.21694268e-05,0,False,True,True,True,True
P1-078,ajustada_lpt,9,4,12,12,15,15,1.25,1.25,25,25,4.41423488e-06,4.92403846e-06,6.38653847e-05,25,False,False,True,True,True
